x,y,theta
4.97759e-05,-7.61007e-06,-0.199046
4.97759e-05,-7.61007e-06,-0.198799
4.97799e-05,-7.58979e-06,-0.197165
4.97799e-05,-7.58979e-06,-0.199178
-2.46604e-05,7.38756e-06,-0.198115
4.98056e-05,-7.46185e-06,-0.196787
4.98056e-05,-7.46185e-06,-0.198716
4.9812e-05,-7.42988e-06,-0.198477
4.98191e-05,-7.39442e-06,-0.197048
2.50009e-05,-2.42599e-06,-0.197493
4.98187e-05,-7.39664e-06,-0.197848
1.87229e-07,2.56536e-06,-0.196909
2.50127e-05,-2.36724e-06,-0.199138
4.98239e-05,-7.37064e-06,-0.197073
4.98239e-05,-7.37064e-06,-0.198561
4.98239e-05,-7.37064e-06,-0.19927
4.98246e-05,-7.36683e-06,-0.198963
4.98246e-05,-7.36699e-06,-0.198622
4.98246e-05,-7.36699e-06,-0.198123
4.98246e-05,-7.36699e-06,-0.199623
1.95094e-07,2.60466e-06,-0.198425
4.98152e-05,-7.41359e-06,-0.199379
2.50022e-05,-2.41893e-06,-0.197896
2.5005e-05,-2.40503e-06,-0.199016
4.98126e-05,-7.42639e-06,-0.199409
4.98126e-05,-7.42639e-06,-0.198445
1.92648e-07,2.59257e-06,-0.19952
4.98167e-05,-7.40634e-06,-0.198274
1.94745e-07,2.60298e-06,-0.199436
4.98224e-05,-7.37796e-06,-0.198206
2.50128e-05,-2.36658e-06,-0.199985
4.98235e-05,-7.37251e-06,-0.199346
4.98235e-05,-7.37251e-06,-0.200776
2.00213e-07,2.63013e-06,-0.199221
4.98086e-05,-7.4462e-06,-0.200796
4.9818e-05,-7.3998e-06,-0.199892
4.98194e-05,-7.39267e-06,-0.199605
2.03907e-07,2.64858e-06,-0.199764
2.50053e-05,-2.40322e-06,-0.202118
4.98026e-05,-7.47528e-06,-0.200284
4.98026e-05,-7.47528e-06,-0.20094
4.98029e-05,-7.47398e-06,-0.200834
1.88035e-07,2.57052e-06,-0.199084
2.49999e-05,-2.42963e-06,-0.199961
4.98063e-05,-7.45694e-06,-0.201394
2.50033e-05,-2.41288e-06,-0.202317
4.98059e-05,-7.45896e-06,-0.199786
4.98059e-05,-7.45896e-06,-0.202309
2.50097e-05,-2.38154e-06,-0.19963
4.98118e-05,-7.42984e-06,-0.201397
2.5015e-05,-2.35544e-06,-0.200195
4.98219e-05,-7.3804e-06,-0.199529
2.12138e-07,2.68909e-06,-0.201568
2.10783e-07,2.68245e-06,-0.2013
4.98112e-05,-7.43287e-06,-0.199328
4.97968e-05,-7.50403e-06,-0.201691
0.0124268,-0.00252284,-0.198379
0.071587,-0.0140063,-0.188994
0.0990139,-0.0189383,-0.168251
0.122493,-0.0227825,-0.156326
0.178799,-0.0305809,-0.108823
0.212322,-0.0341625,-0.112528
0.241612,-0.0373363,-0.0978119
0.274876,-0.0404613,-0.0945413
0.310867,-0.0442803,-0.114237
0.34019,-0.0473875,-0.09822
0.388983,-0.0521702,-0.100455
0.395832,-0.0528672,-0.102378
0.447883,-0.0576069,-0.0830111
0.476862,-0.0600441,-0.0850701
0.513073,-0.0628602,-0.0649054
0.573675,-0.067037,-0.0590722
0.60033,-0.0686268,-0.0657707
0.62897,-0.0705209,-0.0713736
0.665323,-0.0734672,-0.0908106
0.694263,-0.0757602,-0.0702065
0.723743,-0.0776002,-0.0542993
0.774073,-0.080984,-0.0764798
0.803555,-0.0831774,-0.0716587
0.829391,-0.0848842,-0.0611974
0.89362,-0.0875841,-0.0229127
0.921508,-0.0880388,-0.0097337
0.94859,-0.0879191,0.0247937
0.987333,-0.08555,0.111225
0.991255,-0.0850901,0.122254
1.02414,-0.0789097,0.266655
1.02691,-0.0781275,0.282401
1.0482,-0.0702648,0.42437
1.05865,-0.0650812,0.498054
1.07102,-0.0575633,0.593949
1.08148,-0.0499259,0.666773
1.09277,-0.0403508,0.738548
1.1083,-0.0249164,0.824092
1.11821,-0.0136818,0.870179
1.12685,-0.00306185,0.903086
1.13618,0.00917724,0.935631
1.1454,0.0221251,0.968551
1.15716,0.0398079,1.00147
1.163,0.050196,1.13908
1.16642,0.0642049,1.53522
1.16331,0.0809202,1.9635
1.15809,0.0901081,2.21291
1.1509,0.0978208,2.42536
1.14001,0.105111,2.67576
1.12935,0.109187,2.87505
1.12642,0.111465,-2.99494
1.11541,0.108594,-2.78155
1.10348,0.102402,-2.55431
1.08894,0.0907737,-2.40198
1.08256,0.0845627,-2.33508
1.07595,0.0769309,-2.22505
1.07067,0.0686006,-2.03813
1.06655,0.0559273,-1.73516
1.06652,0.0430694,-1.41653
1.06948,0.0323471,-1.18844
1.07509,0.0221359,-0.946673
1.08906,0.00813199,-0.642655
1.098,0.00214631,-0.548
1.10743,-0.00347805,-0.53004
1.11907,-0.0105055,-0.564205
1.13173,-0.0193257,-0.65606
1.14812,-0.0345455,-0.890713
1.15217,-0.0410097,-1.13738
1.15457,-0.0496405,-1.45585
1.15446,-0.0581822,-1.70778
1.14885,-0.0738663,-2.12052
1.14241,-0.0818923,-2.37106
1.12995,-0.0904313,-2.71192
1.12061,-0.0935093,-2.9364
1.10704,-0.0935608,2.94207
1.09753,-0.0904475,2.70513
1.08912,-0.0852477,2.4718
1.08152,-0.077286,2.19385
1.07595,-0.0647574,1.77455
1.07535,-0.0565906,1.51585
1.07786,-0.0447093,1.21949
1.08282,-0.0348088,0.992359
1.09064,-0.0251045,0.800263
1.10672,-0.0115298,0.628037
1.11705,-0.00445387,0.574271
1.1278,0.00237654,0.562219
1.14381,0.013076,0.624222
1.15698,0.0233932,0.703917
1.16618,0.032184,0.837737
1.1724,0.0413103,1.12287
1.17564,0.0518809,1.41478
1.17603,0.0616311,1.64631
1.16964,0.0822606,2.0898
1.16329,0.0911147,2.29347
1.15232,0.10071,2.54855
1.14105,0.106599,2.77306
1.12959,0.109757,2.97359
1.12811,0.107597,-2.91196
1.11764,0.10399,-2.70882
1.10625,0.0966745,-2.43415
1.09836,0.0878312,-2.16668
1.09165,0.0721074,-1.77726
1.09085,0.058954,-1.49406
1.09286,0.0475991,-1.29935
1.1023,0.0275741,-0.971983
1.11296,0.0143346,-0.815383
1.12842,0.000166341,-0.684367
1.14004,-0.00917069,-0.675177
1.15328,-0.0198897,-0.688452
1.16848,-0.0330713,-0.743771
1.17632,-0.0412225,-0.883876
1.18438,-0.056343,-1.29612
1.18597,-0.0659729,-1.51379
1.18537,-0.0771072,-1.73093
1.18047,-0.0924952,-2.02607
1.17152,-0.105866,-2.29163
1.16228,-0.114495,-2.49049
1.14233,-0.124993,-2.82333
1.12969,-0.127791,-3.0277
1.13231,-0.127817,3.00649
1.11923,-0.124559,2.78663
1.10834,-0.119201,2.57924
1.09376,-0.10569,2.21258
1.08797,-0.0959854,2.00542
1.08419,-0.0839255,1.74095
1.08349,-0.0729738,1.53267
1.08967,-0.0477397,1.14966
1.0966,-0.0351252,0.986718
1.10616,-0.0227532,0.843688
1.12162,-0.00803347,0.692951
1.14059,0.00657578,0.641938
1.15312,0.0161869,0.66925
1.16417,0.0252302,0.70581
1.17529,0.0358538,0.859786
1.18099,0.0445336,1.12417
1.18405,0.0539055,1.37892
1.18479,0.0649009,1.62654
1.17969,0.084651,2.0129
1.17293,0.0954467,2.24904
1.16163,0.106225,2.50329
1.14299,0.115611,2.84444
1.13036,0.118095,3.05122
1.13893,0.118872,-2.99731
1.12327,0.114395,-2.72272
1.1053,0.104458,-2.55222
1.09619,0.0979765,-2.49943
1.08539,0.0893962,-2.44012
1.07301,0.076988,-2.26178
1.06738,0.0690103,-2.10302
1.0635,0.0606649,-1.9055
1.06128,0.0483464,-1.59827
1.0623,0.0381358,-1.3472
1.07,0.0204748,-0.975264
1.07154,0.0183334,-0.925022
1.08545,0.00499072,-0.621422
1.09377,-0.000411769,-0.537686
1.10671,-0.00796948,-0.52612
1.11839,-0.0150153,-0.571162
1.12413,-0.0193789,-0.728155
1.1289,-0.0253162,-1.05824
1.13186,-0.0358319,-1.52703
1.13134,-0.0424074,-1.77236
0,0,0
0,0,0
0,0,0
0,0,0
0,0,0
0,0,0
0,0,0
0,0,0
0,0,0
0,0,0
0,0,0
0,0,0
0,0,0
0,0,0
0,0,0
0,0,0
0,0,0
0,0,-7.80597e-05
0,0,-7.80597e-05
0,0,-7.80597e-05
0,0,-7.80597e-05
0,0,-0.00667145
0,0,-0.00643416
0,0,-0.0049655
0,0,-0.00367454
0,0,-0.00210051
0,0,-0.00165338
0,0,0.00207871
0,0,0.0049308
0,0,0.00438955
0,0,0.00388721
0.00822591,3.23964e-05,0.00311724
0.0313598,7.86406e-05,0.00417716
0.0453818,0.000151303,0.00669676
0.0625168,0.000248516,0.00446406
0.0755012,0.000276381,0.000166412
0.0893966,0.00022401,-0.00798054
0.10934,-3.40753e-05,-0.0132919
0.117565,-0.000148609,-0.0144681
0.126043,-0.000282227,-0.0172273
0.134825,-0.000419731,-0.0131882
0.141,-0.000486619,-0.00857276
0.150061,-0.000524515,0.00217643
0.154971,-0.000491165,0.0113904
0.159501,-0.000412619,0.0243579
0.16398,-0.000291227,0.0301459
0.1657,-0.000236026,0.0347516
0.1657,-0.000236026,0.0344494
0.1657,-0.000236026,0.0356748
0.1657,-0.000236026,0.0336625
0.1657,-0.000236026,0.0356986
0.165725,-0.000235169,0.0327367
0.1657,-0.000236047,0.0360256
0.1657,-0.000236047,0.0351463
0.1657,-0.000236038,0.0344285
0.1657,-0.000236038,0.0353934
0.1657,-0.000236027,0.0344758
0.1657,-0.000236027,0.0362793
0.165725,-0.000235133,0.034912
0.1657,-0.000236034,0.0364139
0.1657,-0.000236034,0.034335
0.165725,-0.00023517,0.0335404
0.1657,-0.000236026,0.0340519
0.1657,-0.000236042,0.0336516
0.1657,-0.000236042,0.0366824
0.1657,-0.000236042,0.0342494
0.1657,-0.000236042,0.0354157
0.1657,-0.000236042,0.0339878
0.1657,-0.000236042,0.0356898
0.1657,-0.000236042,0.0342549
0.1657,-0.000236042,0.0350035
0.1657,-0.000236042,0.0361009
0.165725,-0.000235159,0.0341878
0.1657,-0.000236042,0.0352141
0.165725,-0.000235179,0.0343822
0.1657,-0.000236029,0.0334648
0.1657,-0.000236029,0.0350771
0.1657,-0.000236029,0.0330117
0.1657,-0.000236029,0.0361315
0.165725,-0.000235124,0.0359888
0.1657,-0.000236003,0.0347584
0.165725,-0.00023509,0.0372832
0.1657,-0.000236024,0.0342903
0.1657,-0.000236024,0.0366288
0.1657,-0.000236024,0.0360144
0.165725,-0.000235105,0.0365558
0.1657,-0.000236021,0.0358068
0.1657,-0.000235998,0.0339483
0.165725,-0.000235086,0.0356452
0.1657,-0.00023593,0.0342455
0.1657,-0.00023593,0.0348482
0.165725,-0.000235037,0.035745
0.165725,-0.00023505,0.0344225
0.1657,-0.000235976,0.0362687
0.1657,-0.000235976,0.03451
0.165725,-0.000235084,0.0353492
0.1657,-0.000235953,0.0333374
0.165725,-0.000235102,0.0358083
0.1657,-0.000236001,0.0348298
0.165725,-0.000235116,0.0351214
0.1657,-0.000236005,0.0334678
0.1657,-0.000236005,0.0359044
0.1657,-0.000236014,0.036659
0.1657,-0.000236014,0.0350499
0.1657,-0.000236014,0.0331935
0.165725,-0.000235132,0.0358386
0.1657,-0.000235998,0.0331006
0.1657,-0.000235998,0.0356257
0.1657,-0.000235998,0.0329459
0.1657,-0.000235998,0.0359505
0.165725,-0.000235104,0.0353361
0.1657,-0.000235996,0.0347296
0.1657,-0.000235996,0.0345227
0.1657,-0.000235996,0.0360775
0.1657,-0.000235996,0.0336034
0.1657,-0.000236009,0.0352513
0.1657,-0.000235993,0.0339888
0.1657,-0.000235993,0.0355311
0.165725,-0.000235129,0.0343105
0.1657,-0.000236006,0.0350156
0.165725,-0.000235124,0.034696
0.1657,-0.000236004,0.0367873
0.1657,-0.000236004,0.0335722
0.165725,-0.000235108,0.0365458
0.1657,-0.000236024,0.0343278
0.1657,-0.000236024,0.0366581
0.1657,-0.000236024,0.0344664
0.165725,-0.000235149,0.0364932
0.165725,-0.000235192,0.0331143
0.1657,-0.000236038,0.0360049
0.1657,-0.000236038,0.0360792
0.1657,-0.000236038,0.034747
0.1657,-0.000236038,0.0371585
0.1657,-0.000236038,0.0340462
0.1657,-0.000236064,0.0361443
0.165725,-0.000235169,0.0349712
0.1657,-0.000236053,0.0373516
0.1657,-0.000236053,0.03421
0.165725,-0.000235184,0.0339919
0.1657,-0.000236049,0.0351362
0.1657,-0.000236049,0.0339847
0.165725,-0.000235167,0.0353966
0.1657,-0.000236067,0.036263
0.1657,-0.000236038,0.0339922
0.1657,-0.000236038,0.0344138
0.1657,-0.000236038,0.0351728
0.1657,-0.000236038,0.033982
0.1657,-0.000236055,0.0352912
0.1657,-0.000236054,0.0352422
0.1657,-0.000236054,0.0346413
0.165725,-0.000235136,0.0358893
0.1657,-0.000236014,0.0341645
0.1657,-0.000236014,0.036535
0.1657,-0.000236014,0.0337626
0.1657,-0.000236014,0.0365734
0.1657,-0.000236014,0.0338137
0.165725,-0.00023515,0.0367709
0.1657,-0.000236071,0.0335769
0.1657,-0.000236071,0.0347673
0.1657,-0.000236071,0.0326352
0.1657,-0.000236071,0.0358527
0.1657,-0.000236056,0.0346397
0.1657,-0.000236056,0.0340215
0.1657,-0.000236056,0.0365966
0.1657,-0.000236036,0.0344105
0.1657,-0.000236036,0.0357383
0.1657,-0.000236036,0.0349926
0.1657,-0.000236036,0.0328667
0.1657,-0.000236036,0.0350483
0.1657,-0.000236036,0.0345156
0.165725,-0.000235149,0.0353744
0.1657,-0.000236041,0.0362508
0.1657,-0.000236041,0.0348677
0.1657,-0.000236056,0.0355998
0.1657,-0.000236056,0.0352993
0.1657,-0.000236056,0.0333827
0.165725,-0.000235202,0.0361627
0.1657,-0.00023611,0.033713
0.1657,-0.000236128,0.0352014
0.1657,-0.00023611,0.0337844
0.1657,-0.00023611,0.0355028
0.1657,-0.00023611,0.0343549
0.1657,-0.00023611,0.0352052
0.165751,-0.000234271,0.0363591
0.1657,-0.000236022,0.0342731
0.1657,-0.000236022,0.0346809
0.165725,-0.000235127,0.0360547
0.1657,-0.000236033,0.0346664
0.1657,-0.000236047,0.0358263
0.1657,-0.000236047,0.0358598
0.1657,-0.000236047,0.0344467
0.165725,-0.000235163,0.0349489
0.1657,-0.000236037,0.0341372
0.1657,-0.000236037,0.0362407
0.165725,-0.000235165,0.0332598
0.1657,-0.000236052,0.0361607
0.165725,-0.000235154,0.035444
0.165725,-0.000235164,0.0346477
0.1657,-0.000236041,0.0333804
0.1657,-0.000236041,0.0348878
0.1657,-0.000236041,0.0341301
0.165725,-0.000235138,0.0353489
0.1657,-0.000236009,0.0340186
0.1657,-0.000236026,0.0353392
0.165725,-0.000235126,0.0358064
0.1657,-0.000236025,0.0344959
0.1657,-0.000236025,0.0360471
0.1657,-0.000236025,0.0354962
0.1657,-0.000236025,0.0346451
0.1657,-0.000236025,0.0350295
0.1657,-0.000236025,0.0350268
0.1657,-0.000236019,0.034581
0.1657,-0.000236019,0.0331577
0.165725,-0.00023512,0.0351749
0.1657,-0.000236032,0.0362001
0.1657,-0.000236032,0.0337722
0.1657,-0.000236042,0.0346067
0.165751,-0.000234268,0.0349331
0.1657,-0.000235989,0.033677
0.1657,-0.000235989,0.0350471
0.1657,-0.000235989,0.0332653
0.1657,-0.000235989,0.0352725
0.165725,-0.000235128,0.033422
0.1657,-0.000236007,0.0359987
0.1657,-0.00023597,0.0331114
0.1657,-0.00023597,0.0363757
0.1657,-0.00023597,0.0343286
0.165725,-0.000235099,0.0344353
0.1657,-0.000235971,0.0367876
0.1657,-0.000235932,0.0337227
0.1657,-0.000235949,0.0356036
0.165725,-0.000235092,0.0340643
0.165725,-0.000235108,0.0332808
0.1657,-0.000235959,0.0339329
0.1657,-0.000235959,0.0340555
0.1657,-0.000235959,0.0345504
0.165725,-0.000235075,0.0339538
0.1657,-0.000235941,0.0322853
0.1657,-0.000235941,0.0352093
0.1657,-0.000235927,0.0340961
0.1657,-0.000235927,0.0336258
0.1657,-0.000235927,0.0345204
0.1657,-0.000235927,0.0363765
0.1657,-0.000235927,0.0347201
0.1657,-0.000235927,0.0333324
0.165725,-0.000235051,0.0354136
0.165725,-0.000235051,0.0368062
0.165751,-0.000234187,0.0344325
0.1657,-0.000235934,0.0363511
0.1657,-0.000235934,0.0334324
0.1657,-0.000235971,0.0363697
0.165725,-0.000235098,0.0332621
0.1657,-0.000235948,0.0363208
0.165725,-0.00023508,0.033537
0.165725,-0.000235062,0.0350053
0.1657,-0.000235923,0.0336116
0.1657,-0.000235923,0.0355668
0.1657,-0.000235888,0.0334033
0.165725,-0.000235011,0.0353371
0.165725,-0.000235011,0.0329344
0.1657,-0.000235853,0.0350797
0.1657,-0.00023585,0.0348898
0.1657,-0.00023585,0.0346582
0.1657,-0.00023585,0.0330877
0.1657,-0.00023585,0.0345292
0.165725,-0.00023497,0.0350684
0.1657,-0.000235821,0.0337914
0.1657,-0.000235821,0.0342227
0.1657,-0.000235821,0.0343025
0.1657,-0.000235821,0.0354429
0.165751,-0.000234107,0.0343259
0.1657,-0.000235843,0.0342459
0.1657,-0.000235801,0.0322776
0.1657,-0.000235801,0.0354633
0.1657,-0.000235801,0.0339406
0.165725,-0.000234944,0.0345198
0.165725,-0.00023495,0.0340536
0.1657,-0.000235812,0.0331412
0.1657,-0.000235833,0.0347585
0.1657,-0.000235833,0.0334416
0.165725,-0.000234961,0.0351741
0.165725,-0.000234953,0.035793
0.1657,-0.000235854,0.0340112
0.1657,-0.000235854,0.0359559
0.1657,-0.000235854,0.0339478
0.1657,-0.000235854,0.0359798
0.1657,-0.000235788,0.0333895
0.165725,-0.000234897,0.0364537
0.1657,-0.000235811,0.0333828
0.1657,-0.000235811,0.0345389
0.1657,-0.000235811,0.0343755
0.1657,-0.000235811,0.0342724
0.1657,-0.000235811,0.0344853
0.1657,-0.000235806,0.0340758
0.1657,-0.000235806,0.0334511
0.1657,-0.000235806,0.0338484
0.1657,-0.000235806,0.0347435
0.1657,-0.000235806,0.033286
0.166029,-0.000224131,0.0351825
0.187863,0.000381359,0.0232568
0.20735,0.00073034,0.0128886
0.223599,0.000739817,-0.0101688
0.239239,0.000501351,-0.0205683
0.26358,-0.000117574,-0.0356176
0.276757,-0.000631074,-0.0422912
0.29054,-0.00117771,-0.0354583
0.305163,-0.00161436,-0.0224261
0.320146,-0.00175265,0.00701084
0.328067,-0.00162749,0.0239654
0.335403,-0.00137419,0.0457454
0.34349,-0.000926454,0.0647288
0.349828,-0.000491695,0.0712025
0.35465,-0.000155731,0.0673164
0.362408,0.000279205,0.0411807
0.366178,0.000395587,0.0196271
0.36962,0.0004249,-0.00371004
0.371189,0.000405696,-0.023505
0.371189,0.000405696,-0.0245544
0.371189,0.000405696,-0.0260933
0.371189,0.000405696,-0.0253634
0.371189,0.000405696,-0.02555
0.371189,0.000405696,-0.024447
0.371189,0.000405696,-0.025853
0.371189,0.000405696,-0.0266272
0.371189,0.000405696,-0.0255759
0.371189,0.000405696,-0.0275936
0.371189,0.000405696,-0.0243987
0.371189,0.000405696,-0.0265105
0.371189,0.000405696,-0.0248834
0.371189,0.000405696,-0.0246549
0.371189,0.000405696,-0.0249665
0.371189,0.000405696,-0.0251779
0.371189,0.000405696,-0.0272807
0.371189,0.00040572,-0.025357
0.371189,0.00040572,-0.0267282
0.371189,0.00040572,-0.025651
0.371189,0.00040572,-0.0262885
0.371189,0.00040572,-0.0254261
0.371189,0.00040572,-0.0254589
0.371189,0.00040572,-0.0271711
0.371189,0.00040572,-0.0254618
0.371189,0.00040572,-0.0266804
0.371189,0.00040572,-0.0260067
0.371189,0.00040572,-0.0260645
0.371189,0.00040572,-0.0259919
0.371189,0.00040572,-0.024429
0.371189,0.00040572,-0.0260724
0.371189,0.00040572,-0.0258409
0.371164,0.000406374,-0.0257119
0.371189,0.000405708,-0.0264133
0.371189,0.000405708,-0.0254931
0.371189,0.000405708,-0.024378
0.371189,0.000405708,-0.0259794
0.371189,0.000405708,-0.0257498
0.371189,0.000405708,-0.0253771
0.371189,0.000405708,-0.0243686
0.371189,0.000405708,-0.0257403
0.371189,0.000405708,-0.0265999
0.371189,0.000405708,-0.0279102
0.371189,0.000405708,-0.0250314
0.371189,0.000405708,-0.0271029
0.371189,0.000405708,-0.0253086
0.371189,0.000405708,-0.0262557
0.371189,0.000405708,-0.0249155
0.371189,0.000405708,-0.026569
0.371189,0.000405708,-0.0262644
0.371189,0.000405708,-0.0259373
0.371189,0.000405708,-0.025919
0.371189,0.000405708,-0.0257699
0.371189,0.000405708,-0.0243254
0.371189,0.000405708,-0.0265417
0.371189,0.000405708,-0.0247516
0.371189,0.000405708,-0.0275039
0.371189,0.000405708,-0.0247399
0.371189,0.000405708,-0.0272294
0.371189,0.000405708,-0.0254714
0.371189,0.000405708,-0.0263642
0.371189,0.000405708,-0.0247134
0.371189,0.000405708,-0.0260519
0.371189,0.000405708,-0.025429
0.371189,0.000405722,-0.024288
0.371189,0.000405722,-0.0268229
0.371189,0.000405722,-0.0238009
0.371189,0.000405722,-0.0244889
0.371189,0.000405722,-0.0228344
0.371189,0.000405722,-0.0256432
0.371189,0.000405722,-0.0236386
0.371189,0.000405722,-0.026628
0.371189,0.000405722,-0.0252092
0.371189,0.000405722,-0.0254321
0.371189,0.000405722,-0.0264018
0.371189,0.000405722,-0.02471
0.371189,0.000405722,-0.0260081
0.3784,0.000227669,-0.0238578
0.403807,-0.000307036,-0.016729
0.433419,-0.000592768,-0.00138095
0.467031,-0.000774952,-0.00949827
0.517879,-0.000968388,0.00537825
0.547543,-0.000871489,-0.00408384
0.578194,-0.000969117,0.00171759
0.61884,-0.000512634,0.0236107
0.660911,0.000778671,0.031646
0.688559,0.00174139,0.0358225
0.739721,0.0043348,0.0591087
0.769163,0.00597443,0.0482611
0.797689,0.00714521,0.0343535
0.837682,0.0085136,0.0332445
0.89022,0.00925817,0.0138743
0.917324,0.00974278,0.0226291
0.954646,0.0106656,0.0229117
1.00503,0.0115967,0.0078344
1.03786,0.0118809,0.00985778
1.06572,0.012082,0.00301336
1.09518,0.0119773,-0.0112261
1.13214,0.011648,-0.00323064
1.16678,0.0111588,-0.0237014
1.21785,0.0103448,-0.0177071
1.24642,0.0096793,-0.0355147
1.27707,0.00847982,-0.0406878
1.30241,0.0073678,-0.0453551
1.36066,0.005054,-0.0353176
1.39044,0.00374685,-0.0584086
1.41823,0.00207574,-0.0582464
1.44752,0.000420898,-0.0502285
1.48442,-0.00108355,-0.0308908
1.51202,-0.00201086,-0.0363047
1.56333,-0.00410076,-0.0411679
1.59539,-0.00554337,-0.0528295
1.62725,-0.00750772,-0.075174
1.66031,-0.0100248,-0.078903
1.71558,-0.0145175,-0.0716986
1.74178,-0.0161184,-0.04579
1.7668,-0.0167456,-0.00336659
1.78935,-0.016385,0.0330531
1.81317,-0.0148516,0.0969071
1.84122,-0.0111658,0.162314
1.85361,-0.00901664,0.179228
1.8701,-0.00590634,0.189966
1.88199,-0.00364128,0.181646
1.9,-0.000862609,0.118633
1.90975,6.00773e-05,0.0678653
1.92075,0.000410889,-0.00598962
1.93051,2.13755e-05,-0.0731801
1.94158,-0.00117523,-0.130602
1.94775,-0.00200517,-0.136198
1.95287,-0.00269272,-0.128929
1.95848,-0.00331552,-0.0856525
1.9627,-0.00355455,-0.0244491
1.96609,-0.00351653,0.0482962
1.96743,-0.00342529,0.090046
1.96743,-0.00342529,0.0888555
1.96743,-0.00342529,0.0920107
1.96743,-0.00342529,0.0925344
1.96743,-0.00342529,0.0901321
1.96743,-0.00342529,0.0923855
1.96743,-0.00342529,0.0910248
1.96743,-0.00342529,0.0900314
1.96743,-0.00342529,0.0902342
1.96743,-0.00342529,0.0904992
1.96743,-0.00342529,0.0882736
1.96743,-0.00342529,0.0914967
1.96743,-0.00342529,0.0889119
1.96743,-0.00342529,0.0906529
1.96743,-0.00342529,0.0912303
1.96743,-0.00342529,0.089965
1.96743,-0.00342529,0.0909867
1.96743,-0.00342529,0.0907822
1.96743,-0.00342529,0.0898596
1.96743,-0.00342529,0.0888833
1.96743,-0.00342529,0.091408
1.96743,-0.00342529,0.090062
1.96743,-0.00342529,0.089511
1.96743,-0.00342529,0.0919024
1.96743,-0.00342529,0.0895859
1.96743,-0.00342529,0.0910666
1.96743,-0.00342529,0.0908369
1.9674,-0.00342757,0.0901899
1.96743,-0.00342531,0.0879895
1.96743,-0.00342531,0.090274
1.96743,-0.00342531,0.0911823
1.96743,-0.00342531,0.0888542
1.96743,-0.00342531,0.0907887
1.96743,-0.00342531,0.0894991
1.96743,-0.00342531,0.0895705
1.96743,-0.00342531,0.0913778
1.96743,-0.00342531,0.0881897
1.96743,-0.00342531,0.0910633
1.96743,-0.00342531,0.089761
1.96743,-0.00342531,0.0895631
1.96743,-0.00342531,0.0907546
1.96743,-0.00342531,0.0916959
1.96743,-0.00342531,0.0892935
1.96743,-0.00342531,0.0917958
1.96743,-0.00342531,0.0886367
1.96743,-0.00342531,0.0918759
1.96743,-0.00342531,0.0892079
1.96743,-0.00342531,0.0912276
1.96743,-0.00342531,0.089451
1.96743,-0.00342531,0.0896774
1.96743,-0.00342531,0.0900106
1.96743,-0.00342531,0.0892481
1.96743,-0.00342531,0.0923789
1.96743,-0.00342531,0.0892693
1.96743,-0.00342531,0.0903674
1.96743,-0.00342531,0.0885083
1.96743,-0.00342531,0.0920945
1.96743,-0.00342531,0.0892978
1.96743,-0.00342531,0.0906912
1.96743,-0.00342531,0.0895263
1.96743,-0.00342531,0.0906792
1.96743,-0.00342531,0.0898989
1.96743,-0.00342531,0.0916409
1.96743,-0.00342531,0.0898107
1.96743,-0.00342531,0.0916837
1.96743,-0.00342531,0.0897696
1.96743,-0.00342531,0.0903429
1.96743,-0.00342531,0.090488
1.96743,-0.00342531,0.0903094
1.96743,-0.00342531,0.0903198
1.96743,-0.00342531,0.0912191
1.96743,-0.00342531,0.0908912
1.96743,-0.00342531,0.0890114
1.96743,-0.00342531,0.0919179
1.96743,-0.00342531,0.0886839
1.96743,-0.00342531,0.0919443
1.96743,-0.00342531,0.0889064
1.96743,-0.00342531,0.0893413
1.96743,-0.00342531,0.0897722
1.96743,-0.00342531,0.0912894
1.96743,-0.00342531,0.0916225
1.96743,-0.00342531,0.0898155
1.9674,-0.00342759,0.0902606
1.96743,-0.00342532,0.0902087
1.96743,-0.00342532,0.0912595
1.96743,-0.00342532,0.0914945
1.96743,-0.00342532,0.0897771
1.96743,-0.00342532,0.0924484
1.96743,-0.00342532,0.0898421
1.96743,-0.00342532,0.0919742
1.96743,-0.00342532,0.0893037
1.96743,-0.00342532,0.08989
1.96743,-0.00342532,0.0914531
1.96743,-0.00342532,0.0889825
1.96743,-0.00342532,0.0909981
1.96743,-0.00342532,0.0892256
1.96743,-0.00342532,0.0904937
1.96743,-0.00342532,0.089027
1.96743,-0.00342532,0.0901319
1.96743,-0.00342532,0.092221
1.96743,-0.00342532,0.089312
1.96743,-0.00342532,0.0924782
1.96743,-0.00342532,0.0893917
1.96743,-0.00342532,0.091439
1.96743,-0.00342532,0.0901911
1.96743,-0.00342532,0.0894034
1.96743,-0.00342532,0.0905408
1.96743,-0.00342532,0.0918016
1.96743,-0.00342532,0.0900064
1.96743,-0.00342532,0.0913563
1.96743,-0.00342532,0.0893633
1.96743,-0.00342532,0.0903946
1.96743,-0.00342532,0.0900304
1.96743,-0.00342532,0.088383
1.96743,-0.00342532,0.090572
1.96743,-0.00342532,0.0919485
1.96743,-0.00342532,0.0902298
1.96743,-0.00342532,0.0928091
1.96743,-0.00342532,0.0901058
1.96743,-0.00342532,0.0891151
1.96743,-0.00342532,0.0923856
1.96743,-0.00342532,0.0896611
1.96743,-0.00342532,0.0894063
1.96743,-0.00342532,0.0905556
1.96743,-0.00342532,0.0922955
1.96743,-0.00342532,0.0896024
1.96743,-0.00342532,0.0911897
1.96743,-0.00342532,0.0897708
1.96743,-0.00342532,0.090395
1.96743,-0.00342532,0.0886165
1.96743,-0.00342532,0.0914681
1.96743,-0.00342532,0.0894106
1.96743,-0.00342532,0.0909755
1.96743,-0.00342532,0.0893637
1.96743,-0.00342532,0.0900875
1.96743,-0.00342532,0.0910769
1.96743,-0.00342532,0.0895522
1.96743,-0.00342532,0.0897453
1.96743,-0.00342532,0.0902772
1.96743,-0.00342532,0.0902317
1.96743,-0.00342532,0.0913953
1.96743,-0.00342532,0.0896167
1.96743,-0.00342532,0.0911562
1.96743,-0.00342532,0.0892954
1.96743,-0.00342532,0.0878141
1.96743,-0.00342532,0.0905553
1.96743,-0.00342532,0.0912722
1.96743,-0.00342532,0.0899398
1.96743,-0.00342532,0.0906902
1.96743,-0.00342532,0.0901852
1.96743,-0.00342532,0.0902103
1.96743,-0.00342532,0.090792
1.96743,-0.00342532,0.0891942
1.96743,-0.00342532,0.0897436
1.96743,-0.00342532,0.090208
1.9674,-0.00342759,0.0899037
1.96743,-0.00342531,0.0904752
1.96743,-0.00342531,0.0890769
1.96743,-0.00342531,0.0914189
1.96743,-0.00342531,0.089388
1.96743,-0.00342531,0.0902789
1.96743,-0.00342532,0.0892983
1.96743,-0.00342532,0.0908046
1.96743,-0.00342532,0.0916723
1.96743,-0.00342532,0.0897736
1.96743,-0.00342532,0.0905462
1.96743,-0.00342532,0.0891468
1.96743,-0.00342532,0.0908085
1.96743,-0.00342532,0.0895733
1.96743,-0.00342532,0.0917792
1.96743,-0.00342532,0.0897478
1.96743,-0.00342532,0.0904678
1.96743,-0.00342532,0.0907514
1.96743,-0.00342532,0.089469
1.96743,-0.00342532,0.0894153
1.96743,-0.00342532,0.0902117
1.96743,-0.00342532,0.0907812
1.96743,-0.00342532,0.0895059
1.96743,-0.00342532,0.0903371
1.96743,-0.00342532,0.0898452
1.96743,-0.00342532,0.090466
1.96743,-0.00342532,0.0887487
1.96743,-0.00342532,0.0906893
1.96743,-0.00342535,0.0888713
1.96743,-0.00342535,0.0906503
1.96743,-0.00342535,0.0891644
1.96743,-0.00342535,0.0902056
1.96743,-0.00342535,0.0889926
1.96743,-0.00342535,0.0912767
1.96743,-0.00342535,0.0903453
1.96743,-0.00342535,0.0890095
1.96743,-0.00342535,0.0906453
1.96743,-0.00342535,0.0896732
1.96743,-0.00342535,0.0903899
1.96743,-0.00342535,0.0888238
1.96743,-0.00342535,0.0905588
1.96743,-0.00342535,0.0890082
1.96743,-0.00342535,0.0902277
1.96743,-0.00342535,0.089937
1.96743,-0.00342535,0.0909787
1.96743,-0.00342535,0.0894917
1.96743,-0.00342535,0.0903306
1.96743,-0.00342535,0.0885609
1.96743,-0.00342535,0.0895403
1.96743,-0.00342535,0.0909776
1.96743,-0.00342535,0.0886497
1.96743,-0.00342535,0.0901867
1.96743,-0.00342535,0.0894133
1.96743,-0.00342535,0.087623
1.96743,-0.00342535,0.0907681
1.96743,-0.00342535,0.0912906
1.96743,-0.00342535,0.0897831
1.96743,-0.00342535,0.0907496
1.96743,-0.00342535,0.0893759
1.96743,-0.00342535,0.0906496
1.96743,-0.00342535,0.0896543
1.96743,-0.00342535,0.0904786
1.96743,-0.00342535,0.0889286
1.96743,-0.00342535,0.0894722
1.96743,-0.00342535,0.08995
1.96743,-0.00342535,0.0882627
1.96743,-0.00342535,0.0901425
1.96743,-0.00342535,0.0884287
1.96743,-0.00342535,0.0902238
1.96743,-0.00342535,0.0895633
1.96743,-0.00342535,0.0894829
1.96743,-0.00342535,0.088574
1.96743,-0.00342535,0.0909479
1.96743,-0.00342535,0.0903675
1.96743,-0.00342535,0.0906514
1.96743,-0.00342535,0.0890025
1.96743,-0.00342535,0.090514
1.96743,-0.00342535,0.0895612
1.96743,-0.00342535,0.090634
1.96743,-0.00342535,0.0902119
1.96743,-0.00342535,0.0900339
1.96743,-0.00342535,0.0900194
1.96743,-0.00342535,0.0898643
1.96743,-0.00342535,0.0912465
1.96743,-0.00342535,0.0912148
1.96743,-0.00342535,0.0906683
1.96743,-0.00342535,0.0902525
1.96743,-0.00342535,0.0896758
1.96743,-0.00342535,0.0904136
1.96743,-0.00342535,0.0888432
1.96743,-0.00342535,0.0903523
1.96743,-0.00342535,0.0882791
1.96743,-0.00342535,0.0901061
1.96743,-0.00342535,0.0875925
1.96743,-0.00342535,0.0909268
1.96743,-0.00342535,0.0913304
1.96743,-0.00342535,0.0885493
1.96743,-0.00342535,0.0893038
1.96743,-0.00342535,0.0884114
1.96743,-0.00342535,0.0890693
1.96743,-0.00342535,0.0899666
1.96743,-0.00342535,0.0900781
1.96743,-0.00342535,0.0891298
1.96743,-0.00342535,0.0898116
1.96743,-0.00342535,0.0904563
1.96743,-0.00342535,0.0901969
1.96743,-0.00342535,0.0875719
1.96743,-0.00342535,0.0906296
1.96743,-0.00342535,0.0889241
1.96743,-0.00342535,0.0903015
1.96743,-0.00342535,0.0915457
1.96743,-0.00342535,0.0894222
1.96743,-0.00342535,0.0888121
1.96743,-0.00342535,0.0887512
1.96743,-0.00342535,0.0891248
1.96743,-0.00342535,0.0910911
1.96743,-0.00342535,0.0880493
1.96743,-0.00342535,0.0916668
1.96743,-0.00342535,0.0894031
1.96743,-0.00342535,0.0897064
1.96743,-0.00342535,0.0893387
1.96743,-0.00342535,0.0900073
