x,y,is_wall
1.32,-0.07,1
1.32,0.09,1
1.3,-0.17,1
1.31,-0.07,1
1.36,0.18,1
2.45,-0.67,0
1.32,0.07,1
2.44,-0.66,0
1.67,-0.61,0
1.38,0.16,1
1.37,0.1,1
0.91,0.17,1
2.46,-0.67,0
1.3,-0.16,1
1.33,0.05,1
1.07,0.17,1
1.68,-0.62,0
1.32,-0.09,1
2.43,-0.7,0
0.74,-0.34,1
2.39,-0.69,0
2.39,-0.7,0
2.42,-0.66,0
0.7,-0.4,1
2.35,-0.64,0
0.76,-0.32,1
1.1,0.17,1
1.54,-0.62,1
-0.02,-0.38,1
1.32,-0.19,1
2.39,-0.65,0
1.63,-0.62,1
1.35,0.17,1
1.36,0.17,1
2.4,-0.7,0
2.41,-0.7,0
1.73,-0.63,0
1.33,0.07,1
1.32,-0.17,1
2.41,-0.71,0
0.67,-0.4,1
1.23,0.15,1
2.42,-0.71,0
0.74,-0.33,1
1.63,-0.63,1
1.33,0.17,1
1.32,-0.11,1
2.47,-0.72,0
2.46,-0.72,0
0.18,-0.39,1
1.04,0.16,1
1.34,0.17,1
2.45,-0.71,0
1.58,-0.63,1
0.82,0.18,1
1.32,-0.13,1
2.4,-0.65,0
2.42,-0.7,0
-0.24,0.26,1
-0.24,0.27,1
1.08,0.17,1
2.44,-0.71,0
0.86,0.18,1
1.33,-0.19,1
2.38,-0.65,0
2.43,-0.71,0
1.66,-0.61,0
0.79,0.38,1
1.65,-0.64,1
1.33,-0.03,1
1.34,-0.19,1
2.45,-0.72,0
1.69,-0.62,0
1.57,-0.6,1
0.68,-0.4,1
0.84,0.17,1
2.43,-0.66,0
-0.06,-0.38,1
-0.24,0.25,1
1.34,-0.28,1
1.39,0.16,1
1.36,-0.17,1
-0.24,0.21,1
-0.24,0.22,1
-0.24,0.23,1
-0.24,0.24,1
0.8,0.31,1
0.81,0.23,1
0.81,0.18,1
0.85,0.17,1
0.66,-0.4,1
-0.07,-0.38,1
-0.08,-0.38,1
-0.09,-0.38,1
-0.1,-0.38,1
-0.11,-0.38,1
-0.27,0.43,1
0.64,0.39,1
1.75,-0.64,0
0.69,0.38,1
0.81,0.24,1
0.81,0.22,1
1.38,0.18,1
1.35,-0.17,1
2.6,-0.75,0
1.69,-0.61,0
1.31,-0.13,1
0.51,-0.39,1
0.5,-0.39,1
0.48,-0.39,1
0.41,-0.4,1
0.4,-0.4,1
0.39,-0.4,1
0.13,-0.39,1
0.1,-0.39,1
0.09,-0.39,1
0.08,-0.39,1
0.07,-0.39,1
0.06,-0.39,1
0.05,-0.39,1
0.04,-0.39,1
-0.12,-0.38,1
-0.13,-0.38,1
-0.15,-0.38,1
1.03,0.14,1
0.23,0.4,1
0.24,0.4,1
0.81,0.26,1
0.41,0.39,1
0.42,0.39,1
0.43,0.39,1
0.44,0.39,1
0.45,0.39,1
0.46,0.39,1
0.47,0.39,1
0.48,0.39,1
0.49,0.39,1
0.5,0.39,1
0.51,0.39,1
0.52,0.39,1
0.63,0.39,1
0.65,0.39,1
0.66,0.39,1
0.7,0.39,1
-0.25,0.01,1
0.81,0.3,1
0.82,0.23,1
0.82,0.22,1
0.81,0.2,1
0.82,0.19,1
0.83,0.18,1
1.09,0.17,1
1.36,0.1,1
2.45,-0.68,1
0.67,0.32,1
0.63,-0.32,1
-0.25,-0.01,1
1.73,-0.64,0
0.71,0.38,1
0.84,-0.34,1
2.46,-0.68,0
1.36,-0.19,1
1.39,0.14,1
1.34,0.05,1
0.81,0.27,1
1.21,0.14,1
0.7,0.13,1
0.81,0.21,1
0.67,0.25,1
0.9,-0.4,1
1.34,-0.17,1
0.72,0.15,1
-0.25,0.42,1
2.4,-0.68,0
1.33,-0.17,1
0.82,0.24,1
0.75,-0.31,1
2.34,-0.66,0
1.1,0.15,1
0.7,0.28,1
0.66,-0.34,1
1.11,0.15,1
0.71,0.28,0
0.7,0.22,1
0.7,0.23,1
0.66,-0.33,1
2.38,-0.66,1
0.71,0.2,1
2.43,-0.72,0
1.25,0.17,1
0.69,0.2,1
1.03,0.16,1
1.34,-0.03,1
1.68,-0.64,1
0.76,0.38,1
0.79,-0.34,1
1.36,0.03,1
0.96,0.16,1
0.94,0.4,1
2.35,-0.66,0
2.44,-0.67,0
1.38,0.04,1
1.34,-0.06,1
0.84,0.12,1
1.11,0.17,1
0.71,0.3,0
0.71,0.19,1
0.64,-0.33,1
2.44,-0.68,1
1.35,-0.34,0
1.66,-0.64,1
0.78,0.38,1
0.77,-0.34,1
0.69,-0.34,1
1.22,0.14,1
1.59,-0.63,1
0.7,-0.33,1
0.75,-0.34,1
0.64,-0.34,1
2.47,-0.69,1
1.29,0.16,1
0.8,0.3,1
1.33,-0.06,1
-0.14,0.42,1
0.03,0.41,1
0.83,0.15,1
0.7,0.18,1
1.38,-0.05,1
1.28,0.16,1
1.36,-0.28,1
0.82,0.17,1
0.83,0.17,1
0.86,-0.33,0
0.8,0.2,1
0.28,0.4,1
1.08,0.14,1
1.34,0.08,1
1.74,-0.64,0
0.7,0.38,1
0.85,-0.34,1
2.37,-0.67,0
1.22,0.15,1
1.35,-0.12,1
1.05,0.16,1
1.3,-0.3,1
0.69,-0.4,1
0.8,0.18,1
0.7,0.19,1
0.7,0.31,1
2.47,-0.68,0
0.61,-0.33,1
1.75,-0.65,0
0.69,0.37,1
0.68,-0.34,1
1.25,0.14,1
1.38,-0.03,1
1.38,-0.02,1
0.68,-0.35,1
0.93,0.17,1
1.33,0.04,1
2.33,-0.65,0
0.7,0.2,1
1.24,0.14,1
0.81,0.19,1
1.38,-0.16,1
2.31,-0.64,0
0.63,0.31,1
2.41,-0.66,0
0.8,0.27,1
0.63,-0.38,1
1.35,0.03,1
0.95,0.16,1
1.29,0.14,1
0.81,0.16,1
1.33,0.08,1
1.33,0.09,1
0.4,0.39,1
0.8,0.26,1
1.33,-0.11,1
-0.07,0.42,1
0.1,0.41,1
0.9,0.15,1
1.27,0.17,1
0.38,-0.4,1
2.4,-0.71,1
1.34,-0.15,1
0.54,-0.41,1
1.32,-0.36,0
0.64,-0.4,0
0.62,-0.41,1
1.35,0.18,1
0.6,-0.41,1
1.33,-0.15,1
0.53,-0.41,1
0.48,-0.41,1
0.41,-0.42,1
0.39,-0.42,1
0.2,-0.41,1
0.01,-0.39,1
-0.14,-0.38,1
-0.16,-0.38,1
-0.17,-0.38,1
0.68,0.25,1
0.28,0.38,1
0.46,0.37,1
0.47,0.37,1
0.49,0.37,1
0.5,0.37,1
0.52,0.37,1
0.53,0.39,1
1.33,0.13,1
1.34,0.16,1
-0.24,0.2,1
2.32,-0.65,0
0.84,0.13,1
0.79,0.37,1
0.76,-0.35,1
0.65,0.31,1
1.3,-0.28,1
1.29,-0.28,1
0.68,0.38,1
0.87,-0.34,0
1.28,0.15,1
1.28,0.14,1
0.77,0.39,1
0.78,-0.33,1
0.75,0.38,1
0.8,-0.34,1
1.64,-0.63,1
0.75,-0.33,1
0.87,-0.4,1
0.68,0.32,1
0.85,0.13,1
0.8,0.22,1
0.63,-0.33,1
0.61,-0.34,1
2.46,-0.69,0
0.88,0.16,1
0.78,0.37,1
0.77,-0.35,1
1.34,0.1,1
0.99,0.17,1
1.36,-0.29,1
1.37,-0.1,1
1.58,-0.6,0
0.69,-0.3,1
0.67,-0.34,1
0.71,0.18,1
0.8,0.21,1
0.69,0.16,1
2.39,-0.66,1
0.21,-0.41,1
2.45,-0.69,0
1.01,-0.39,1
1.34,0.07,1
-0.25,0.02,1
0.74,-0.41,1
0.81,0.31,1
0.79,0.18,1
0.9,0.17,1
1.28,0.17,1
0.85,0.37,1
0.7,-0.35,1
-0.25,0.38,1
-0.25,0.39,1
2.43,-0.68,1
-0.18,-0.38,1
1.21,0.15,1
0.81,0.28,1
1.67,-0.65,1
0.77,0.37,1
0.78,-0.35,1
0.88,-0.39,1
0.67,0.33,1
0.66,0.32,1
0.8,0.17,1
1.33,-0.05,1
1.33,-0.04,1
0.62,-0.34,1
0.24,-0.41,1
1.33,-0.02,1
1.37,0.14,1
0.95,0.18,1
1.35,0.05,1
0.8,0.23,1
1.33,-0.09,1
2.41,-0.68,0
1,0.15,1
1.34,-0.07,1
2.32,-0.64,0
0.88,0.17,1
1,-0.38,1
1.35,0.08,1
1.37,-0.04,1
0.79,0.22,1
0.65,-0.34,1
1.54,-0.61,1
0.65,-0.31,1
-0.26,0.42,1
0.71,0.15,1
0.8,0.19,1
2.4,-0.66,1
0.31,0.4,1
1.11,0.14,1
1.67,-0.64,1
0.77,0.38,1
0.78,-0.34,1
0.89,-0.39,1
0.66,0.33,1
2.41,-0.67,1
1.37,0.08,1
0.98,-0.38,0
1.31,-0.25,1
0.64,0.34,1
0.91,-0.38,1
1.37,0.18,1
0.58,-0.41,1
0.79,0.27,1
0.71,0.17,1
1.27,0.14,1
1.32,-0.34,1
0.18,0.4,1
0.98,0.14,1
0.53,0.37,1
1.33,0.11,1
1.31,-0.28,1
0.79,0.23,1
0.29,0.4,1
1.09,0.14,1
1.38,-0.09,1
0.67,-0.39,1
0.52,-0.41,1
1.31,-0.27,1
0.64,0.32,1
1.57,-0.63,1
0.68,-0.33,1
0.69,-0.39,0
0.75,-0.4,1
0.8,0.32,0
0.7,0.21,1
0.71,0.16,1
0.7,-0.3,1
1.26,0.14,1
1.34,0.09,1
0.02,-0.39,1
0.79,0.24,1
0.87,0.17,1
0.83,0.13,1
2.35,-0.65,0
-0.24,-0.39,1
0.54,0.39,1
1.34,0.13,1
0.86,0.37,1
0.69,-0.35,1
1.34,-0.09,1
0.85,-0.35,1
0.7,0.37,1
0.78,0.27,1
0.39,0.39,1
0.79,0.26,1
1.34,-0.11,1
0.66,-0.39,1
0.85,-0.4,1
0.7,0.32,1
0.96,-0.39,1
1.32,0.17,1
1.38,0.02,1
0.98,0.15,1
0.71,0.37,1
0.84,-0.35,1
1.27,0.16,1
0.79,-0.4,1
0.76,0.32,1
0.71,0.23,1
1.3,0.17,1
-0.22,-0.39,1
-0.2,0.42,1
0.77,0.15,1
0.77,0.16,1
0.77,0.2,1
1.34,0.03,1
0.94,0.16,1
0.77,0.23,1
0.74,0.17,1
-0.25,-0.26,1
0.77,0.27,1
0.74,0.19,1
-0.25,-0.24,1
1.17,0.16,1
0.77,0.29,1
0.74,0.2,1
-0.25,-0.23,1
0.43,0.38,1
0.78,-0.42,1
1.17,0.17,1
0.77,0.3,0
0.74,0.23,1
-0.25,-0.2,1
-0.24,-0.01,1
1.14,0.14,1
0.34,0.4,1
0.74,0.27,1
-0.25,-0.16,1
1.03,0.17,1
1.32,-0.29,1
0.82,0.3,1
-0.24,0.01,1
0.71,0.25,1
0.31,0.38,1
0.73,-0.4,1
-0.24,0.03,1
-0.23,0.21,1
-0.23,0.22,1
-0.23,0.24,1
-0.23,0.28,1
-0.23,0.29,1
0.07,-0.4,1
-0.23,0.3,1
-0.23,0.31,1
-0.25,-0.38,1
-0.23,0.32,1
0.76,0.18,1
-0.24,-0.35,1
0.77,0.17,1
0.83,0.16,1
0.94,0.17,1
1.34,0.04,1
-0.12,0.42,1
0.05,0.41,1
0.85,0.15,1
-0.23,-0.39,1
0.68,0.18,1
1.37,-0.05,1
1.38,-0.12,0
0.19,-0.4,1
-0.23,0.25,1
0.24,-0.4,1
0.68,-0.38,0
0.77,0.31,0
0.49,-0.41,1
0.66,-0.37,1
0.47,-0.41,1
0.64,-0.37,1
0.22,-0.41,1
-0.21,-0.38,1
1.36,-0.03,1
1.36,0.14,1
1.16,0.17,1
0.76,0.3,0
0.82,0.25,1
0.42,0.38,1
0.73,0.2,1
-0.24,-0.23,1
-0.23,0.42,1
0.74,0.15,1
-0.25,-0.28,1
0.79,0.17,1
-0.08,0.42,1
0.09,0.41,1
0.89,0.15,1
0.82,0.2,1
1.39,-0,1
0.19,0.39,1
0.98,-0.37,1
1.37,0.09,1
1.37,0.06,1
1.36,-0.05,1
1.38,-0.11,0
0.69,-0.37,1
0.93,-0.4,1
0.62,0.32,1
1.33,-0.27,1
1.35,-0.26,1
0.95,-0.39,1
0.97,-0.38,0
1.37,-0.25,1
0.73,0.28,0
1.13,0.15,1
-0.24,-0.15,1
-0.24,-0.02,1
0.64,-0.39,1
0.59,-0.4,1
-0.24,0.17,1
1.32,-0.27,1
-0.24,0.02,1
1.33,0.15,1
0.84,0.36,1
-0.22,0.07,1
0.71,-0.36,1
0.42,-0.41,1
1.65,-0.63,1
0.76,-0.33,1
0.57,0.39,1
1.37,0.13,1
-0.24,-0.37,1
0.76,0.16,1
0.77,0.19,1
-0.25,-0.31,1
0.77,0.22,1
0.73,0.17,1
-0.24,-0.26,1
0.76,0.27,1
1.16,0.16,1
0.76,0.29,1
0.5,-0.41,1
0.67,-0.37,1
0.76,0.31,1
0.33,0.4,1
1.13,0.14,1
0.73,0.27,1
-0.24,-0.16,1
1.33,-0.26,1
0.65,-0.39,1
0.65,-0.38,1
0.65,-0.37,1
0.65,-0.35,1
0.73,0.38,1
0.82,-0.34,1
-0.24,-0.05,1
1.33,-0.18,1
-0.24,-0.03,1
-0.23,0.01,1
0.72,-0.4,1
-0.23,0.03,1
0.89,-0.37,1
0.66,0.35,1
1.78,-0.65,0
0.89,-0.35,1
0.66,0.37,1
0.16,-0.39,1
-0.01,-0.4,1
1.32,-0.25,1
0.92,-0.38,1
-0.23,0.13,1
1.32,-0.23,1
0.92,-0.36,0
-0.23,0.14,1
0.8,0.33,1
0.75,-0.39,1
0.8,0.35,1
0.75,-0.37,1
-0.23,0.18,1
0.8,0.37,1
0.75,-0.35,1
-0.22,0.28,1
0.06,-0.4,1
-0.22,0.3,1
-0.22,0.31,1
0.77,0.36,1
0.78,-0.36,1
0.61,-0.4,1
1.71,-0.63,0
0.73,0.39,1
-0.24,-0.04,1
0.78,0.24,1
0.83,0.35,1
-0.23,0.06,1
0.72,-0.37,0
0.69,0.34,1
0.86,-0.38,1
2.4,-0.67,1
0.5,0.38,1
0.73,0.31,0
0.82,-0.41,1
-0.24,-0.12,1
2.36,-0.66,0
1.36,-0.22,1
0.59,0.37,1
-0.24,-0.2,1
0.72,-0.39,1
-0.23,0.04,1
0.74,0.24,1
-0.25,-0.19,1
1.67,-0.68,1
0.78,-0.38,1
0.77,0.34,0
1.35,-0.21,1
0.6,0.38,1
1.62,-0.65,1
0.73,-0.35,1
0.82,0.37,1
-0.24,0.08,1
0.88,-0.35,1
0.67,0.37,1
0.91,-0.39,1
1.31,-0.26,1
0.64,0.33,1
1.15,0.17,1
0.75,0.3,0
-0.23,-0.23,1
0.81,0.25,1
0.41,0.38,1
0.73,0.16,1
-0.24,-0.27,1
-0.24,0.42,1
0.73,0.15,1
-0.24,-0.28,1
0.77,0.24,1
0.74,0.14,1
-0.23,0.41,1
-0.25,-0.29,1
0.27,-0.41,1
0.78,0.17,1
-0.22,0.34,1
2.49,-0.69,0
-0.26,-0.36,1
0.79,0.16,1
-0.16,0.42,1
0.01,0.41,1
0.81,0.15,1
0.89,0.16,1
1.38,0.03,1
0.98,0.16,1
-0,-0.4,1
1.36,-0.32,0
0.19,0.4,1
0.99,0.14,1
0.8,0.28,1
1.2,0.15,1
0.85,0.16,1
0.18,0.39,1
1.38,-0,1
1.39,-0.04,1
1.39,-0.11,1
0.58,-0.39,1
1.38,-0.13,1
0.78,0.14,1
-0.19,0.41,1
1.37,-0.16,1
0.35,-0.4,1
1.38,0.15,1
1.37,-0.18,1
0.85,0.35,1
0.7,-0.37,1
-0.23,0.23,1
0.96,-0.4,1
1.36,-0.27,1
0.7,0.33,1
0.85,-0.39,1
-0.23,0.2,1
0.41,-0.41,1
0.89,0.14,1
0.09,0.4,1
-0.08,0.41,1
0.99,0.16,1
1.36,-0.3,1
-0.26,-0.38,1
-0.22,0.32,1
2.53,-0.75,0
0.73,0.18,1
-0.24,-0.25,1
1.03,-0.38,0
-0.22,0.14,1
0.81,0.33,0
0.74,-0.39,1
1.76,-0.65,0
0.68,0.37,1
0.87,-0.35,1
0.7,-0.39,1
-0.23,0.17,1
0.58,-0.4,1
0.63,-0.39,1
0.48,-0.4,1
0.65,-0.36,1
0.62,0.39,1
1.33,-0.2,1
0.6,-0.4,1
1.66,-0.66,1
0.78,0.36,1
0.77,-0.36,1
2.31,-0.65,0
1.61,-0.64,1
-0.23,0.09,1
0.89,-0.34,0
0.66,0.38,1
0.83,0.36,1
-0.23,0.07,1
0.72,-0.36,1
0.9,0.14,1
0.1,0.4,1
-0.07,0.41,1
-0.22,0.2,1
0.4,-0.41,1
0.72,0.19,1
-0.23,-0.24,1
1.15,0.16,1
0.75,0.29,1
1.26,0.17,1
-0.22,0.21,1
-0.22,0.22,1
0.72,0.21,1
-0.23,-0.22,1
0.75,0.31,1
-0.22,0.23,1
0.51,-0.4,1
0.59,0.39,1
1.39,0.13,1
1.36,-0.2,1
0.72,0.22,1
-0.23,-0.21,1
1.34,-0.34,1
0.8,-0.4,1
0.75,0.32,0
-0.22,0.24,1
0.23,-0.41,1
1.26,0.16,1
0.72,0.18,1
-0.23,-0.25,1
0.72,0.23,1
-0.23,-0.2,1
0.97,-0.35,1
1.38,0.11,1
0.58,0.37,1
2.48,-0.73,0
-0.21,0.3,1
0.72,0.3,1
-0.23,-0.13,1
0.94,-0.39,1
1.34,-0.26,1
-0.22,0.05,1
0.71,-0.38,1
-0.21,0.32,1
0.94,-0.35,1
0.61,0.37,1
1.34,-0.22,1
0.66,-0.38,0
-0.03,-0.39,1
0.72,0.32,1
0.83,-0.4,1
-0.23,-0.11,1
2.37,-0.65,0
-0.22,0.25,1
0.23,-0.4,1
1.32,-0.22,1
0.92,-0.35,0
0.63,0.37,1
0.26,0.39,1
1.29,-0.33,0
0.72,0.24,1
-0.23,-0.19,1
1.37,-0.21,1
0.58,0.38,1
0.75,0.14,1
-0.26,-0.29,1
-0.22,0.41,0
-0.23,-0.03,1
-0.23,0.16,1
0.32,-0.4,1
1.34,-0.16,1
-0.23,0.15,1
0.32,-0.41,1
0.83,-0.33,1
1.72,-0.63,0
-0.23,-0.04,1
-0.23,-0.01,1
0.54,-0.4,1
1.34,-0.14,1
0.76,0.19,1
-0.24,0.36,1
-0.24,-0.34,1
0.75,0.28,1
1.15,0.15,1
2.5,-0.69,0
-0.25,-0.36,1
-0.23,0.34,1
1.36,-0.16,1
0.34,-0.4,1
1.36,-0.14,1
0.56,-0.4,1
0.79,0.14,1
-0.18,0.41,1
0.76,0.28,1
1.16,0.15,1
0.64,-0.36,1
0.47,-0.4,1
0.27,0.4,1
1.07,0.14,1
1.28,-0.32,0
0.67,0.27,1
1.37,-0.23,1
-0.23,0.27,1
-0.22,0.27,1
1.35,0.12,1
0.55,0.38,1
0.83,-0.38,1
-0.23,-0.09,1
0.72,0.34,1
1,0.13,1
0.2,0.39,1
1.33,-0.33,1
0.22,0.39,1
1.04,0.13,1
1.31,-0.33,1
0.24,0.39,1
0.72,0.17,1
-0.23,-0.26,1
0.35,0.4,1
-0.26,-0.16,1
0.75,0.27,1
-0.21,0.27,1
0.32,0.4,1
0.72,0.27,1
1.12,0.14,1
-0.23,-0.16,1
1.01,0.17,1
1.34,-0.29,1
1.69,-0.65,1
0.8,-0.35,1
0.75,0.37,1
1.64,-0.66,1
0.75,-0.36,1
0.8,0.36,1
1.35,-0.25,1
0.95,-0.38,1
1.06,0.16,1
1.29,-0.3,1
0.78,0.3,0
0.44,0.38,1
1.36,0.15,1
0.74,0.26,1
-0.25,-0.17,1
0.34,0.39,1
-0.24,-0.08,1
0.82,-0.37,1
0.73,0.35,1
0.76,0.24,1
0.7,0.29,1
1.1,0.16,1
0.87,0.16,1
-0.26,-0.3,1
0.78,0.23,1
-0.21,0.31,1
0.78,0.18,1
-0.22,0.35,1
-0.26,-0.35,1
1.35,0.01,1
0.15,0.4,1
-0.02,0.41,1
0.95,0.14,1
0.26,-0.41,1
0.78,0.2,1
-0.22,0.37,0
-0.26,-0.33,1
2.48,-0.74,0
-0.21,0.29,1
0.05,-0.4,1
0.72,0.29,0
1.12,0.16,1
-0.23,-0.14,1
0.94,-0.4,1
1.34,-0.27,1
1.39,-0.02,1
0.68,0.26,0
0.28,0.39,1
1.3,0.15,1
-0.25,-0.3,1
-0.23,0.4,1
0.76,0.25,1
0.36,0.38,1
1.38,0.14,1
0.47,0.38,1
-0.22,0.26,1
-0.25,-0.27,1
0.74,0.16,1
-0.22,0.19,1
0.1,0.39,1
-0.07,0.4,1
0.52,0.38,1
0.3,-0.41,1
1.7,-0.63,0
-0.25,-0.04,1
0.17,0.39,1
1.37,0,1
1.34,0.01,1
0.14,0.4,1
-0.03,0.41,1
0.94,0.14,1
0.77,0.18,1
-0.23,0.19,1
0.09,0.39,1
-0.08,0.4,1
0.51,0.38,1
1.19,0.16,1
0.79,0.29,1
0.34,-0.41,1
0.87,0.14,1
-0.1,0.41,1
0.07,0.4,1
-0.26,-0.19,1
0.75,0.24,1
0.69,0.29,0
1.09,0.16,1
0.78,0.19,1
-0.22,0.36,1
-0.26,-0.34,1
1.01,-0.35,1
0.54,0.37,1
1.34,0.11,1
1.36,0.05,1
0.68,0.22,1
1.36,0.06,1
0.22,0.4,1
1.33,-0.32,1
1.02,0.14,1
1.36,0.09,1
1.33,-0.29,1
1.02,0.17,1
0.69,0.26,1
0.29,0.39,1
1.31,0.15,1
0.77,0.25,1
0.37,0.38,1
1.03,0.13,1
1.32,-0.33,1
0.23,0.39,1
-0.23,-0.02,1
-0.21,0.42,1
0.76,0.15,1
-0.24,-0.38,1
1.09,0.15,1
0.69,0.28,1
0.8,0.29,1
1.2,0.16,1
0.73,0.24,1
-0.24,-0.19,1
1.36,-0.21,1
0.59,0.38,1
1.31,-0.22,1
0.91,-0.35,1
0.64,0.37,1
1.72,-0.66,0
0.72,0.36,1
0.83,-0.36,1
-0.23,-0.07,1
0.49,-0.4,1
0.66,-0.36,1
0.61,0.39,1
1.34,-0.2,1
1.28,-0.33,0
0.27,0.39,1
1.29,0.15,1
0.72,0.14,1
-0.25,0.41,1
0.43,-0.4,1
0.84,-0.37,1
0.71,0.35,1
1.35,0.11,1
0.55,0.37,1
0.83,-0.39,1
-0.23,-0.1,1
0.72,0.33,1
0.92,0.13,1
0.12,0.39,1
-0.05,0.4,1
0.54,0.38,1
0.84,-0.38,1
0.71,0.34,1
0.8,0.25,1
0.4,0.38,1
0.6,-0.35,1
1.4,-0.09,1
0.73,0.36,1
-0.24,-0.07,1
0.82,-0.36,1
0.82,-0.4,1
-0.24,-0.11,1
2.36,-0.65,0
1.82,-0.67,0
0.93,-0.37,1
1.33,-0.24,1
0.65,-0.4,1
0.83,0.31,1
-0.23,0.02,1
1.34,0.15,1
1.35,-0.19,1
1.4,0.14,1
0.3,0.39,1
1.32,0.15,1
0.68,0.34,1
0.87,-0.38,1
0.49,0.38,1
2.46,-0.73,0
1.31,-0.23,1
0.91,-0.36,0
0.64,0.36,1
0.48,0.38,1
1.32,-0.31,1
1.03,0.15,1
0.98,-0.39,1
1.37,0.07,1
-0.23,0.26,1
-0.22,0.29,1
2.49,-0.74,0
0.92,-0.39,1
1.32,-0.26,1
0.63,0.33,1
1.31,0.17,1
0.68,-0.37,0
0.51,-0.41,1
0.46,0.38,1
0.45,0.38,1
1.19,0.17,1
0.79,0.3,1
-0.21,0.33,1
-0.24,-0.17,1
0.33,0.39,1
-0.22,0.02,1
1.35,0.15,1
-0.25,-0.37,1
-0.23,0.33,1
1.36,-0.02,1
0.79,0.25,0
0.39,0.38,1
-0.24,-0.13,1
1.13,0.17,1
0.73,0.3,1
-0.21,0.28,1
1.12,0.15,1
0.72,0.28,0
-0.23,-0.15,1
1.38,-0.21,1
1.37,0.12,1
0.57,0.38,1
-0.22,0.18,1
0.74,-0.35,1
1.37,-0.13,1
0.57,-0.39,1
0.62,-0.39,1
1.68,-0.65,1
0.76,0.37,1
0.79,-0.35,1
-0.22,0.17,1
1.63,-0.66,1
0.74,-0.36,1
0.87,-0.36,1
0.68,0.36,1
0.72,0.16,1
-0.23,-0.27,1
0.62,-0.4,1
0.76,0.36,1
0.79,-0.36,1
0.31,-0.4,1
-0.22,0.16,1
0.45,-0.41,1
0.62,-0.37,1
0.79,-0.33,1
0.31,-0.41,1
-0.22,0.15,1
0.73,0.13,1
-0.24,0.4,1
-0.24,-0.3,1
0.76,0.23,1
0.76,0.22,1
0.3,0.4,1
1.1,0.14,1
-0.22,0.13,1
-0.25,0.03,1
0.81,0.32,0
0.74,-0.4,1
0.76,0.2,1
1.33,0.03,1
0.93,0.16,1
1.37,0.11,1
0.57,0.37,1
1.7,-0.69,1
-0.25,-0.1,1
0.81,-0.39,1
0.74,0.33,1
0.71,-0.32,1
-0.22,0.11,1
-0.22,0.1,1
1.6,-0.64,1
-0.22,0.09,1
0.88,-0.34,0
0.67,0.38,1
0.56,0.39,1
1.36,0.13,1
-0.23,-0.37,1
-0.26,-0.27,1
0.75,0.16,1
0.71,-0.37,1
-0.22,0.06,1
-0.23,-0.38,1
0.93,-0.35,0
1.33,-0.22,1
0.62,0.37,1
1.05,0.13,1
1.3,-0.33,1
0.65,0.26,1
0.25,0.39,1
0.71,-0.4,1
-0.22,0.03,1
1.35,0.16,1
-0.21,-0.39,1
-0.24,0.41,1
-0.24,-0.29,1
0.73,0.14,1
-0.23,0.38,1
-0.25,-0.32,1
0.77,0.21,1
-0.2,-0.39,1
-0.22,0.01,1
1.35,0.14,1
0.76,0.21,1
-0.19,-0.39,1
0.55,0.39,1
1.35,0.13,1
-0.18,-0.39,1
-0.17,-0.39,1
0.53,0.38,1
0.91,0.13,1
0.11,0.39,1
-0.06,0.4,1
0.83,-0.34,1
0.72,0.38,1
-0.23,-0.05,1
1.34,-0.18,1
0.61,-0.39,1
0.66,-0.35,1
-0.16,-0.39,1
1.17,0.15,1
0.77,0.28,1
-0.15,-0.39,1
-0.14,-0.39,1
-0.13,-0.39,1
-0.12,-0.39,1
-0.11,-0.39,1
-0.1,-0.39,1
0.73,0.25,1
0.33,0.38,1
-0.24,-0.18,1
0.79,-0.37,1
0.76,0.35,1
-0.09,-0.39,1
-0.08,-0.39,1
-0.07,-0.39,1
-0.06,-0.39,1
0.74,0.32,1
-0.25,-0.11,1
0.74,0.36,1
-0.25,-0.07,1
0.81,-0.36,1
-0.05,-0.39,1
-0.04,-0.39,1
0.72,0.31,0
-0.23,-0.12,1
-0.23,-0.08,1
0.72,0.35,1
0.83,-0.37,1
2.37,-0.66,0
0.94,-0.38,1
1.34,-0.25,1
0.14,-0.39,1
-0.03,-0.4,1
-0.22,0.12,1
1.8,-0.67,0
1.31,-0.24,1
0.64,0.35,1
0.91,-0.37,1
-0.02,-0.39,1
-0.23,0.12,1
1.32,-0.24,1
0.92,-0.37,1
1.36,0.12,1
0.56,0.38,1
0.82,-0.38,1
-0.24,-0.09,1
0.73,0.34,1
1.34,-0,1
0.94,0.13,1
0.14,0.39,1
-0.03,0.4,1
-0.01,-0.39,1
-0.25,-0.33,1
-0.23,0.37,1
-0,-0.39,1
1.36,-0.07,0
0.01,-0.4,1
0.02,-0.4,1
0.03,-0.4,1
0.04,-0.4,1
1.38,-0.07,1
0.08,-0.4,1
0.09,-0.4,1
0.1,-0.4,1
-0.09,0.41,1
0.08,0.4,1
0.88,0.14,1
0.11,-0.4,1
0.12,-0.4,1
1.33,-0.01,1
0.13,-0.4,1
1.34,-0.01,1
0.14,-0.4,1
1.35,-0.01,1
0.15,-0.4,1
1.34,-0.12,1
1.36,-0.01,1
0.16,-0.4,1
1.37,-0.01,1
0.17,-0.4,1
1.36,-0.12,1
1.38,-0.01,1
0.18,-0.4,1
1.37,-0.12,1
0.2,-0.4,1
0.21,-0.4,1
0.22,-0.4,1
0.25,-0.4,1
0.26,-0.4,1
0.27,-0.4,1
0.28,-0.4,1
-0.26,-0.22,1
0.75,0.21,0
0.29,-0.4,1
0.3,-0.4,1
1.7,-0.62,0
-0.25,-0.03,1
0.74,-0.37,1
0.81,0.35,0
1.35,-0.16,1
1.33,-0.21,1
0.62,0.38,1
1.05,0.14,1
0.25,0.4,1
0.65,0.27,1
1.3,-0.32,0
0.86,0.14,1
-0.11,0.41,1
0.06,0.4,1
1.08,0.16,1
0.35,-0.41,1
1.34,-0.21,1
0.61,0.38,1
0.85,0.14,1
-0.12,0.41,1
0.05,0.4,1
1.07,0.16,1
0.99,-0.39,0
1.36,0.07,1
1.33,-0.31,1
1.02,0.15,1
0.36,-0.41,1
0.37,-0.41,1
0.83,0.14,1
-0.14,0.41,1
0.03,0.4,1
0.38,-0.41,1
-0.23,0.1,1
0.72,-0.33,1
0.39,-0.41,1
-0.24,-0.36,1
0.76,0.17,1
0.13,0.39,1
-0.04,0.4,1
0.93,0.13,1
0.81,0.14,1
-0.16,0.41,1
0.01,0.4,1
0.69,0.24,1
0.8,0.14,1
-0.17,0.41,1
0,0.4,1
1.33,-0.3,1
1.02,0.16,1
0.99,-0.38,0
1.36,0.08,1
0.43,-0.41,1
0.44,-0.41,1
0.86,-0.37,1
0.69,0.35,1
0.45,-0.4,1
0.62,-0.36,1
0.46,-0.4,1
0.63,-0.36,1
0.78,-0.4,1
0.77,0.32,1
0.73,0.22,1
-0.24,-0.21,1
1.33,-0.34,1
-0.22,-0.38,1
2.53,-0.71,0
0.5,-0.4,1
0.67,-0.36,1
0.6,0.39,1
1.35,-0.2,1
0.52,-0.4,1
0.86,0.36,1
0.69,-0.36,1
1.33,-0.14,1
0.53,-0.4,1
0.85,0.36,1
0.7,-0.36,1
-0.25,-0.08,1
0.74,0.35,1
0.81,-0.37,1
0.65,0.34,1
0.9,-0.38,1
1.33,-0.23,1
0.93,-0.36,0
-0.24,0.13,1
1,0.17,1
1.35,-0.29,1
0.96,-0.36,1
0.59,0.36,1
1.36,-0.23,1
0.68,-0.39,0
1.36,-0.18,1
1.36,-0.11,1
1.36,-0.09,1
1.37,-0.07,1
0.96,0.13,1
-0.01,0.4,1
0.16,0.39,1
1.36,-0,1
-0.09,0.42,1
0.08,0.41,1
0.88,0.15,1
0.86,0.16,1
0.97,0.17,1
1.37,0.04,1
0.91,-0.34,1
0.64,0.38,1
-0.21,0.34,1
2.48,-0.69,0
0.74,-0.38,1
0.81,0.34,1
1.36,0.11,1
0.56,0.37,1
0.82,-0.39,1
-0.24,-0.1,1
0.73,0.33,1
-0.24,-0.31,1
-0.24,0.39,1
0.73,0.11,1
-0.24,-0.32,1
-0.24,0.38,1
-0.25,-0.35,1
-0.23,0.35,1
-0.24,0.14,1
0.79,0.33,0
0.76,-0.39,1
-0.24,0.12,1
1.62,-0.62,1
-0.24,0.11,1
1.82,-0.68,0
1.33,-0.25,1
0.93,-0.38,1
0.73,-0.33,1
-0.24,0.1,1
0.73,-0.34,1
-0.24,0.09,1
0.73,-0.38,1
-0.24,0.05,1
0.82,0.34,1
0.65,0.38,1
1.62,-0.66,1
0.73,-0.36,1
0.82,0.36,1
-0.24,0.07,1
-0.25,-0.02,1
0.74,0.38,1
0.81,-0.34,1
-0.25,-0.05,1
1.32,-0.18,1
0.81,-0.35,1
0.74,0.37,1
-0.25,-0.06,1
0.64,-0.35,1
0.74,0.34,1
0.81,-0.38,1
-0.25,-0.09,1
0.64,-0.38,1
1.18,0.15,1
0.78,0.28,1
-0.22,0.42,1
0.75,0.15,1
-0.26,-0.28,1
0.38,0.38,1
0.78,0.25,1
-0.26,-0.32,1
0.78,0.21,1
0.42,-0.4,1
0.67,0.35,1
0.88,-0.37,1
1.65,-0.66,1
0.76,-0.36,1
0.79,0.36,1
1.35,-0.18,1
0.57,-0.4,1
1.37,-0.14,1
1.35,-0.02,1
1.36,0.16,1
0.86,0.17,1
1.37,0.05,1
0.59,-0.39,1
-0.24,0.18,1
2.3,-0.64,0
1.39,0.09,1
0.96,-0.37,0
1.39,0.08,1
0.96,-0.38,0
1.36,-0.25,1
1.37,0.01,1
0.17,0.4,1
0.97,0.14,1
-0.05,0.42,1
0.12,0.41,1
1.32,0.02,1
0.92,0.15,1
-0.19,0.42,1
0.78,0.15,1
0.92,0.14,1
0.12,0.4,1
-0.05,0.41,1
-0.24,-0.33,1
-0.24,0.37,1
1.59,-0.64,1
0.7,-0.34,1
1.78,-0.66,0
0.66,0.36,1
0.89,-0.36,1
1.35,-0.27,1
0.95,-0.36,0
1.35,-0.23,1
1.37,-0.09,1
-0.11,0.42,1
0.06,0.41,1
0.86,0.15,1
0.75,0.19,1
-0.26,-0.24,1
1.29,0.17,1
1.18,0.16,1
0.78,0.29,1
2.39,-0.67,1
0.7,0.34,1
0.85,-0.38,1
1.34,-0.31,0
1.01,0.15,1
1,-0.39,0
1.35,0.07,1
0.8,0.13,1
0.92,0.16,1
-0.26,-0.23,1
0.75,0.2,1
-0.21,0.41,1
0.76,0.14,1
0.68,0.17,1
-0.25,-0.21,1
0.74,0.22,1
0.78,0.31,0
0.85,-0.37,1
0.7,0.35,1
-0.09,0.4,1
-0.1,0.4,1
-0.26,0.4,1
0.6,-0.39,1
1.67,-0.67,1
0.77,0.35,1
0.78,-0.37,1
1.79,-0.66,0
0.65,0.36,1
0.9,-0.36,1
0.61,0.36,1
1.34,-0.23,1
0.94,-0.36,0
1.35,-0.11,1
1.35,-0.05,1
1.37,-0.02,1
0.58,0.39,1
1.37,-0.2,1
1.38,0.13,1
1.34,-0.24,1
0.94,-0.37,0
0.95,0.15,1
1.35,0.02,1
-0.13,0.41,1
0.04,0.4,1
0.84,0.14,1
0.67,0.28,1
1.07,0.15,1
1.37,0.02,1
0.97,0.15,1
0.75,0.26,1
0.35,0.39,1
1.37,0.15,1
0.71,0.14,1
-0.26,0.41,1
0.33,-0.4,1
-0.24,0.16,1
0.33,-0.41,1
-0.24,0.15,1
0.79,0.34,0
0.76,-0.38,1
-0.26,-0.31,1
0.78,0.22,1
0.11,-0.39,1
-0.06,-0.4,1
0.03,-0.39,1
0.82,0.33,1
-0.24,0.04,1
0.73,-0.39,1
1.3,-0.22,1
0.65,0.37,1
0.9,-0.35,0
1.6,-0.65,1
-0.22,0.08,1
0.71,-0.35,1
1.35,-0.09,1
0.95,0.13,1
0.15,0.39,1
-0.02,0.4,1
1.35,-0,1
-0.23,-0,1
1.23,0.16,1
-0.06,0.42,1
0.11,0.41,1
0.91,0.15,1
0.91,0.16,1
-0.26,-0.26,1
0.75,0.17,1
-0.26,-0.25,1
0.75,0.18,1
-0.11,0.4,1
0.82,0.35,1
-0.24,0.06,1
0.73,-0.37,1
0.75,0.35,1
0.8,-0.37,1
0.69,0.36,1
0.86,-0.36,1
2.34,-0.65,0
0.75,0.36,1
0.8,-0.36,1
0.63,-0.4,1
1.35,-0.07,1
1.35,0.06,1
0.21,0.4,1
1.34,-0.32,1
1.01,0.14,1
1.25,0.16,1
-0.25,-0.15,1
1.14,0.15,1
0.74,0.28,1
1.31,-0.31,1
1.04,0.15,1
0.97,-0.39,1
1.38,0.07,1
1.31,-0.29,1
1.04,0.17,1
0.97,-0.37,1
1.38,0.09,1
0.3,0.38,1
0.7,0.25,1
0.25,-0.41,1
0.61,-0.36,1
0.44,-0.4,1
0.67,-0.38,1
0.6,0.37,1
1.35,-0.22,1
1.66,-0.67,1
0.78,0.35,1
0.77,-0.37,1
0.65,0.35,1
0.9,-0.37,1
0.55,-0.4,1
1.35,-0.14,1
1.37,-0.11,1
0.36,-0.4,1
1.61,-0.65,1
-0.23,0.08,1
0.72,-0.35,1
1.35,-0.13,1
0.55,-0.39,1
-0.22,0,1
1.24,0.16,1
-0.1,0.42,1
0.07,0.41,1
0.87,0.15,1
0.83,-0.35,1
-0.23,-0.06,1
0.72,0.37,1
1.18,0.13,1
0.78,0.26,1
0.38,0.39,1
0.77,0.26,1
0.37,0.39,1
0.76,0.26,1
0.36,0.39,1
-0.24,0.19,1
0.15,-0.39,1
-0.02,-0.4,1
0.37,-0.4,1
0.63,-0.35,1
1.36,-0.15,1
1.36,-0.06,1
1,0.42,1
1.35,-0.04,1
1.37,0.16,1
0.86,-0.4,1
0.69,0.32,1
1.36,0.04,1
0.96,0.17,1
0.79,0.21,1
-0.25,-0.22,1
0.74,0.21,1
-0.26,-0.2,1
0.75,0.23,1
0.81,-0.41,1
-0.25,-0.12,1
0.74,0.31,1
0.72,0.13,1
-0.25,0.4,1
0.95,-0.37,0
1.35,-0.24,1
0.55,-0.41,1
1.35,-0.15,1
0.56,-0.39,1
1.36,-0.13,1
1.35,0.09,1
-0.17,0.42,1
-0,0.41,1
0.8,0.15,1
0.78,0.16,1
2.49,-0.7,0
-0.22,0.33,1
-0.26,-0.37,1
0.84,-0.36,1
0.71,0.36,1
0.62,-0.35,1
0.76,0.33,1
0.79,-0.39,1
1.69,-0.68,1
0.75,0.34,1
0.8,-0.38,1
1.77,-0.66,0
0.67,0.36,1
0.88,-0.36,1
0.76,-0.4,1
0.79,0.32,1
0.12,-0.39,1
-0.05,-0.4,1
2.43,-0.67,0
0.66,0.34,1
0.89,-0.38,1
1.36,-0.04,1
0.95,0.17,1
1.35,0.04,1
0.84,0.16,1
-0.2,-0.38,1
0.28,-0.41,1
0.29,-0.41,1
0.75,0.33,0
0.8,-0.39,1
0.7,0.36,1
0.85,-0.36,1
1.34,-0.3,1
1.01,0.16,1
1.35,-0.3,1
1,0.16,1
1.32,-0.21,1
0.63,0.38,1
0.26,0.4,1
0.66,0.27,1
1.29,-0.32,0
0.75,-0.38,1
0.8,0.34,1
0.68,0.35,1
0.87,-0.37,1
1.35,-0.03,1
1.36,0.02,1
0.96,0.15,1
0.79,0.19,1
-0.18,0.42,1
0.79,0.15,1
1.11,0.16,1
0.71,0.29,1
-0.26,-0.18,1
0.35,0.38,1
0.75,0.25,1
0.7,0.15,1
-0.26,-0.21,1
0.75,0.22,1
1.65,-0.67,1
0.76,-0.37,1
0.79,0.35,1
1.06,0.15,1
-0.13,0.42,1
2.4,-0.61,0
0.04,0.41,1
0.84,0.15,1
-0.24,0,1
1.22,0.16,1
0.89,0.17,1
-0.06,0.41,1
0.11,0.4,1
0.91,0.14,1
-0.25,-0.25,1
0.74,0.18,1
0.84,-0.39,1
0.71,0.33,1
0.77,0.33,0
0.78,-0.39,1
1.34,-0.04,1
1.34,-0.05,1
0.2,0.4,1
1.35,-0.32,0
1,0.14,1
1.34,0.06,1
0.32,0.39,1
-0.23,-0.17,1
0.72,0.26,1
0.83,0.27,1
1.23,0.14,1
0.32,0.38,1
-0.23,-0.18,1
0.72,0.25,1
2.38,-0.67,0
0.69,0.25,1
0.29,0.38,1
0.13,0.4,1
-0.04,0.41,1
-0.25,-0.34,1
-0.23,0.36,1
0.78,0.33,0
0.77,-0.39,1
1.68,-0.68,1
0.76,0.34,1
0.79,-0.38,1
0.54,-0.39,1
1.34,-0.13,1
1.36,0.01,1
-0.01,0.41,1
0.16,0.4,1
0.96,0.14,1
0.69,-0.38,1
0.78,0.34,0
0.77,-0.38,1
1.19,0.15,1
0.79,0.28,1
0.31,0.39,1
0.71,0.26,1
1.3,-0.31,1
1.05,0.15,1
1.37,0.03,1
0.97,0.16,1
-0.15,0.42,1
0.02,0.41,1
0.82,0.15,1
-0.19,-0.38,1
0.81,0.17,1
0.69,0.13,1
0.9,0.16,1
0.68,-0.36,1
0.87,0.36,1
2.42,-0.67,1
0.67,0.34,1
0.88,-0.38,1
2.42,-0.68,0
0.68,0.33,1
0.87,-0.39,1
0.53,-0.39,1
1.33,-0.13,1
1.34,-0.02,1
0.82,-0.35,1
-0.24,-0.06,1
0.73,0.37,1
0.75,0.39,1
0.8,-0.33,1
0.46,-0.41,1
0.63,-0.37,1
-0.25,0,1
0.81,0.29,1
1.21,0.16,1
-0.24,-0.24,1
0.73,0.19,1
1.13,0.16,1
-0.24,-0.14,1
0.73,0.29,0
1.08,0.15,1
0.68,0.28,1
0.88,0.37,1
0.67,-0.35,1
1.38,0.05,1
0.82,0.16,1
-0.22,0.04,1
0.71,-0.39,0
0.83,0.34,1
-0.23,0.05,1
0.72,-0.38,1
1.35,-0.06,1
0.94,0.15,1
1.34,0.02,1
-0.25,-0.18,1
0.34,0.38,1
0.74,0.25,1
0.76,0.13,1
0.71,0.32,1
0.84,-0.4,1
1.37,-0.27,1
0.97,-0.4,1
1.38,0.06,1
0.86,-0.39,1
0.69,0.33,1
0.79,0.31,0
0.7,-0.38,0
1.61,-0.62,0
-0.23,0.11,1
0.72,-0.32,1
0.13,0.41,1
0.93,0.15,1
1.33,0.02,1
-0.15,0.41,1
0.02,0.4,1
0.82,0.14,1
1.34,-0.33,0
0.21,0.39,1
1.01,0.13,1
0.77,0.13,1
0.61,-0.35,1
-0.24,-0.22,1
0.73,0.21,1
0.8,0.16,1
1.33,-0.07,1
1.37,-0.03,1
-0.2,0.41,1
0.77,0.14,1
0.8,0.24,1
0.74,0.29,0
-0.25,-0.14,1
1.14,0.16,1
-0.25,-0.13,1
0.74,0.3,1
1.14,0.17,1
0.77,-0.4,1
0.78,0.32,1
0.79,0.2,1
0.63,-0.34,1
